new_index,s_time,e_time,delta_time,old_index
0,0,1707,0,94
1,0,1467,0,93
2,4800,6507,4800,94
3,4800,6267,4800,93
4,9600,11067,9600,93
5,9600,11307,9600,94
6,14400,16107,14400,94
7,14400,15867,14400,93
8,19200,20667,19200,93
9,19200,20907,19200,94
10,21600,26393,0,0
11,22200,30661,0,103
12,22200,28530,0,104
13,22500,31874,0,2
14,22800,25415,0,42
15,22800,25399,0,43
16,22860,27339,0,71
17,22860,27828,0,70
18,22980,29207,0,131
19,23100,29397,0,106
20,23100,29630,0,105
21,23100,27887,0,7
22,23220,25992,0,135
23,23400,26272,0,81
24,23400,26216,0,41
25,23400,26268,0,40
26,23400,26666,0,82
27,23400,26577,0,62
28,23400,28350,0,85
29,23400,27111,0,64
30,23400,27887,0,65
31,23400,30186,0,53
32,23400,26673,0,63
33,23400,27681,0,86
34,23400,27800,0,29
35,23400,26043,0,38
36,23400,27082,0,10
37,23400,32515,0,3
38,23400,28674,0,46
39,23400,27113,0,128
40,23400,27251,0,18
41,23400,25428,0,57
42,23400,28416,0,28
43,23400,31119,0,145
44,23400,29102,0,27
45,23400,29876,0,130
46,23400,26098,0,39
47,23400,26676,0,87
48,23460,27631,0,19
49,23460,28780,0,47
50,23460,26059,660,43
51,23460,27546,0,52
52,23520,26568,0,111
53,23640,26255,840,42
54,23700,27794,0,33
55,23700,26876,0,32
56,23700,26772,0,153
57,23700,27305,0,67
58,23700,28047,0,100
59,23700,28201,0,99
60,23700,27138,0,66
61,23700,26340,0,44
62,23880,27447,0,120
63,23940,28890,540,85
64,24000,26640,300,44
65,24000,25467,24000,93
66,24000,25707,24000,94
67,24000,29272,0,31
68,24000,29344,0,30
69,24000,26698,600,39
70,24000,27103,0,96
71,24000,26773,0,9
72,24000,26211,0,98
73,24000,26652,0,97
74,24000,26751,0,72
75,24000,26827,0,35
76,24000,28215,0,117
77,24000,26790,0,8
78,24060,30609,0,92
79,24060,26703,660,38
80,24060,25870,0,20
81,24060,29028,1200,70
82,24060,33580,0,146
83,24120,25938,0,21
84,24120,27831,720,64
85,24120,28154,0,118
86,24120,28607,720,65
87,24120,27386,720,82
88,24180,30384,0,129
89,24180,30656,780,130
90,24180,28461,780,86
91,24180,27052,780,81
92,24240,28334,540,33
93,24240,30467,1260,131
94,24240,27416,540,32
95,24240,28091,840,18
96,24240,28587,540,100
97,24240,28411,780,19
98,24240,29947,0,132
99,24240,27104,0,95
100,24300,29843,0,22
101,24300,30293,0,49
102,24300,29087,1200,7
103,24300,28910,0,1
104,24300,27235,0,134
105,24360,30751,0,48
106,24360,26959,1560,43
107,24360,28446,900,52
108,24420,27288,1020,40
109,24480,26672,0,56
110,24540,29019,1680,71
111,24540,28755,540,117
112,24600,26628,1200,57
113,24600,27648,1080,111
114,24600,29920,1140,47
115,24600,30884,0,126
116,24600,32928,0,4
117,24660,28265,960,67
118,24660,28227,780,120
119,24660,27936,1260,87
120,24660,27358,1260,39
121,24660,27275,1860,42
122,24720,28158,1020,66
123,24720,27363,1320,38
124,24720,29670,1320,85
125,24720,31196,1320,130
126,24780,27658,0,112
127,24780,28414,0,119
128,24840,27667,840,35
129,24840,28874,720,118
130,24840,28017,1440,62
131,24840,29327,1440,65
132,24840,29011,1380,19
133,24840,29187,1140,100
134,24900,27561,0,34
135,24900,28173,1500,63
136,24900,30559,0,26
137,24900,28994,1200,33
138,24900,29401,1200,99
139,24900,31127,1920,131
140,24960,27832,1560,81
141,24960,28811,1560,18
142,25020,28286,1620,82
143,25020,28196,1320,32
144,25080,31866,1680,53
145,25140,29421,1740,86
146,25140,27739,2340,43
147,25140,31344,960,129
148,25200,28959,0,149
149,25200,30350,0,69
150,25200,27972,1980,135
151,25200,28893,0,150
152,25200,27010,1140,20
153,25200,30924,0,148
154,25200,31046,1800,46
155,25200,30880,0,68
156,25200,28061,1200,97
157,25200,29858,1200,117
158,25200,28820,0,83
159,25200,31027,960,132
160,25200,27378,0,102
161,25260,30768,2400,70
162,25320,28846,0,114
163,25320,27848,840,56
164,25320,27138,1200,21
165,25440,28426,2040,39
166,25440,29991,1740,100
167,25440,27660,2040,57
168,25500,28436,2100,38
169,25500,28154,0,59
170,25560,31787,2580,131
171,25560,29144,2160,41
172,25560,30033,1860,33
173,25620,32376,2220,130
174,25620,29642,2100,111
175,25620,30451,1920,99
176,25620,29654,1500,118
177,25680,29391,2280,64
178,25680,29757,0,25
179,25680,29735,900,119
180,25740,30591,2340,65
181,25740,30501,960,112
182,25740,30398,1740,117
183,25740,31349,2040,66
184,25740,31056,2040,67
185,25800,28461,900,34
186,25800,31708,0,23
187,25800,33170,1440,48
188,25800,28672,2400,81
189,25800,31712,2340,47
190,25800,33178,0,154
191,25800,33650,2400,145
192,25800,27465,0,107
193,25800,28184,1800,98
194,25800,29637,1920,120
195,25860,31998,1560,49
196,25860,28475,3060,42
197,25860,28687,1860,35
198,25860,35500,1800,146
199,25860,30647,2760,7
200,25860,30389,2400,19
201,25860,29036,2160,32
202,25920,29333,1920,96
203,25920,29294,1680,95
204,25920,31125,3060,71
205,25920,28519,3120,43
206,25980,29256,2580,87
207,26040,29641,2640,82
208,26040,31867,1800,132
209,26040,28680,2340,44
210,26100,29086,2700,39
211,26100,30690,2640,52
212,26100,31028,0,45
213,26160,30711,2460,100
214,26220,29397,2820,62
215,26220,29401,1920,134
216,26280,30202,0,88
217,26280,29456,2580,32
218,26280,29031,2280,72
219,26340,29613,2940,63
220,26340,28158,2220,21
221,26340,31268,240,45
222,26340,32567,3360,131
223,26400,28614,0,12
224,26400,31193,4800,0
225,26400,29261,2400,97
226,26400,31231,2700,99
227,26400,29015,3600,42
228,26400,30434,2280,118
229,26460,31118,2460,117
230,26460,31968,3600,70
231,26460,30933,2760,33
232,26460,29332,3060,81
233,26520,33276,3120,130
234,26520,28330,2460,20
235,26580,32426,3180,46
236,26580,29448,3180,40
237,26640,31563,3240,86
238,26640,33007,2460,129
239,26640,31841,3240,85
240,26640,29255,3840,42
241,26640,29239,3840,43
242,26640,31047,3240,18
243,26700,32309,3000,66
244,26700,29228,2220,56
245,26700,29527,2700,35
246,26700,29361,1800,34
247,26760,29746,3360,39
248,26760,33546,3360,53
249,26820,30657,2940,120
250,26820,29756,3420,38
251,26820,31371,3120,100
252,26880,30935,2100,119
253,26880,30056,3180,32
254,26940,30651,3540,64
255,26940,32767,2700,132
256,26940,31530,3480,52
257,26940,32256,3240,67
258,26940,30962,3420,111
259,27000,28605,0,108
260,27000,28945,0,101
261,27000,34164,0,155
262,27000,30565,0,11
263,27000,31851,3600,65
264,27000,35461,4800,103
265,27000,32912,3540,47
266,27000,30569,0,115
267,27000,31787,3900,7
268,27000,33971,2940,92
269,27000,33330,4800,104
270,27000,33367,2820,129
271,27000,30978,0,141
272,27120,31649,3660,19
273,27120,29892,3900,135
274,27120,31951,3420,99
275,27120,31593,3420,33
276,27180,28990,3120,20
277,27180,30166,3780,39
278,27180,30052,3780,81
279,27240,29880,3540,44
280,27240,31791,3540,100
281,27240,30101,3240,97
282,27240,31274,3120,118
283,27300,36674,4800,2
284,27360,31282,1080,88
285,27360,30296,3960,38
286,27360,33587,4380,131
287,27360,32018,3360,117
288,27420,32621,4020,85
289,27420,30597,4020,62
290,27480,31953,3780,33
291,27480,31081,4080,82
292,27480,30756,4080,87
293,27540,30201,2640,34
294,27540,33048,4680,70
295,27540,30155,4740,42
296,27600,30776,3900,32
297,27600,30427,3600,35
298,27600,31156,0,136
299,27600,30199,4800,43
300,27600,30546,0,51
301,27600,29820,4200,57
302,27600,30215,4800,42
303,27600,31056,0,15
304,27600,30586,4200,39
305,27660,30933,4260,63
306,27660,30044,3660,98
307,27660,31715,2880,119
308,27660,31073,3660,96
309,27660,34416,4260,130
310,27660,33210,0,6
311,27720,34506,4320,53
312,27720,31304,4320,41
313,27780,30648,4380,40
314,27780,32611,4080,99
315,27780,32631,4380,65
316,27780,32708,1680,45
317,27840,32430,4380,52
318,27840,29658,3720,21
319,27900,30483,0,58
320,27900,35750,4500,145
321,27900,31050,0,73
322,27900,32823,4500,86
323,27900,32307,4500,18
324,27900,34197,4800,106
325,27900,31611,4500,64
326,27900,34430,4800,105
327,27960,32618,3960,117
328,27960,33165,5100,71
329,27960,30956,0,133
330,27960,30750,3960,8
331,27960,30896,4560,38
332,28020,33629,4320,66
333,28020,32493,4320,33
334,28080,30608,3600,56
335,28080,33396,4380,67
336,28140,34052,4680,47
337,28140,33820,2940,68
338,28140,33986,4740,46
339,28140,31899,2940,149
340,28140,31760,2940,83
341,28140,33967,3900,132
342,28140,33290,2940,69
343,28140,30318,2940,102
344,28140,31833,2940,150
345,28200,31882,4800,10
346,28200,33216,4800,28
347,28200,37315,4800,3
348,28200,33902,4800,27
349,28200,32600,4800,29
350,28260,35016,4860,130
351,28260,31436,4560,32
352,28320,32871,4620,100
353,28380,32909,4920,19
354,28380,33581,4980,85
355,28440,30250,4380,20
356,28440,31621,4140,134
357,28440,31055,5640,42
358,28440,31094,2940,59
359,28440,30105,2640,107
360,28440,31426,5040,39
361,28500,31572,4800,153
362,28500,31372,5100,81
363,28500,31874,4260,95
364,28500,31099,5700,43
365,28500,33331,4800,99
366,28560,31221,3660,34
367,28560,33321,3780,112
368,28560,32161,5160,82
369,28680,31616,5280,38
370,28680,30900,5280,57
371,28680,32602,2400,88
372,28680,34818,4380,49
373,28740,32774,4620,118
374,28740,35526,5340,53
375,28740,34648,2940,23
376,28740,36118,2940,154
377,28740,33147,5340,18
378,28800,30267,28800,93
379,28800,32526,0,127
380,28800,31572,5580,135
381,28800,31111,0,159
382,28800,31792,0,84
383,28800,32126,0,76
384,28800,30429,0,164
385,28800,31661,4800,97
386,28800,32855,4020,119
387,28800,35771,4740,92
388,28800,33723,5400,86
389,28800,30984,0,123
390,28800,31627,4800,35
391,28800,31012,0,13
392,28800,32511,5400,64
393,28800,31376,0,61
394,28800,34072,4800,31
395,28800,30643,0,162
396,28800,34144,4800,30
397,28800,30633,0,163
398,28800,30507,28800,94
399,28800,34308,5940,70
400,28800,31551,4800,72
401,28800,35167,4620,129
402,28860,31244,4860,98
403,28860,33333,5160,33
404,28860,34584,3660,148
405,28920,33771,5520,65
406,28920,32757,5040,120
407,28920,31474,0,75
408,28920,35243,0,91
409,28920,34254,0,147
410,28980,33767,5880,7
411,29040,33968,2940,45
412,29040,34245,6180,71
413,29040,30858,4920,21
414,29100,34643,4800,22
415,29100,32086,5700,39
416,29100,32096,1140,133
417,29100,32373,5700,63
418,29100,34927,4860,132
419,29100,33710,4800,1
420,29100,32684,5700,41
421,29160,32336,5460,32
422,29160,32436,5760,87
423,29220,34770,1560,6
424,29220,32746,3900,114
425,29220,35447,6240,131
426,29220,34051,5520,99
427,29280,33314,5160,118
428,29280,33831,5580,100
429,29340,34133,7740,0
430,29340,36710,4980,48
431,29340,32212,5940,81
432,29340,31554,2940,12
433,29340,35186,5940,46
434,29400,34716,5700,67
435,29400,34601,6000,85
436,29400,32015,6600,42
437,29460,32396,6060,38
438,29460,31065,2460,108
439,29460,33989,6000,19
440,29460,33016,1860,136
441,29520,32048,5040,56
442,29580,32179,6780,43
443,29580,35189,5880,66
444,29640,32280,5940,44
445,29640,32301,4740,34
446,29640,34230,6180,52
447,29700,36067,5520,129
448,29700,34107,6300,18
449,29700,35359,4800,26
450,29760,32587,5760,35
451,29760,35898,5460,49
452,29760,34418,5760,117
453,29820,34581,5040,112
454,29820,31630,5760,20
455,29820,34743,6420,86
456,29820,33421,6420,82
457,29880,33056,6180,32
458,29880,33914,5760,118
459,29880,34409,6420,19
460,29880,32100,6480,57
461,29940,33962,6420,111
462,29940,33505,2940,11
463,29940,37104,2940,155
464,29940,36270,7740,104
465,29940,31885,2940,101
466,29940,33651,6540,64
467,29940,38401,7740,103
468,30000,33150,2100,73
469,30000,35508,7140,70
470,30000,33922,3720,88
471,30120,32504,6120,98
472,30120,34175,5340,119
473,30120,34671,6420,100
474,30120,32988,6720,40
475,30180,39820,6120,146
476,30180,33116,6780,38
477,30180,36007,5940,132
478,30240,39614,7740,2
479,30240,36996,6840,130
480,30360,33773,6360,96
481,30360,34038,0,113
482,30420,36332,6960,47
483,30420,33596,6720,32
484,30420,36787,6240,129
485,30480,35138,6480,117
486,30480,33079,7680,43
487,30480,36030,2820,6
488,30480,37266,7080,53
489,30480,33341,6480,97
490,30540,36386,7140,46
491,30540,35327,7440,7
492,30540,33526,7140,39
493,30540,35391,7140,65
494,30540,35856,6840,67
495,30600,34634,6480,118
496,30600,32410,6540,20
497,30600,33372,7380,135
498,30600,33652,0,50
499,30600,32911,1800,159
500,30600,36666,0,125
501,30600,35073,6900,33
502,30600,35431,6900,99
503,30660,35865,7800,71
504,30660,35189,7200,19
505,30720,36947,7740,131
506,30720,33996,7320,87
507,30780,33334,1860,75
508,30780,33441,5880,34
509,30780,32598,6660,21
510,30780,35708,4680,45
511,30780,33957,7380,62
512,30840,35247,7440,18
513,30840,37370,7740,105
514,30840,37137,7740,106
515,30840,34113,7440,63
516,30840,38690,7440,145
517,30840,33423,2940,58
518,30900,33836,7500,38
519,30900,32314,0,160
520,30900,32314,0,161
521,30900,35451,7200,100
522,30960,33787,6960,35
523,31020,35075,6240,119
524,31080,35841,6300,112
525,31080,33258,5880,102
526,31080,34839,5880,149
527,31080,34773,5880,150
528,31080,36760,5880,68
529,31080,34700,5880,83
530,31080,36230,5880,69
531,31080,36689,7380,66
532,31080,32745,5280,107
533,31080,35553,7380,33
534,31080,34917,7200,120
535,31140,36842,7740,27
536,31140,34741,7740,82
537,31140,36341,7740,85
538,31140,35540,7740,29
539,31140,40255,7740,3
540,31140,34851,7740,64
541,31140,33360,7740,57
542,31140,36156,7740,28
543,31140,34822,7740,10
544,31200,34072,7800,81
545,31200,33973,7200,9
546,31200,34186,7800,39
547,31200,36708,8340,70
548,31200,33035,0,124
549,31260,34011,7260,72
550,31260,34256,3300,133
551,31260,35918,7260,117
552,31260,34844,7860,41
553,31260,34436,7560,32
554,31260,34441,6960,134
555,31320,38076,7920,130
556,31320,35342,7800,111
557,31320,33704,7320,98
558,31320,36151,7620,99
559,31320,33919,8520,43
560,31320,35354,7200,118
561,31320,38690,6960,48
562,31380,38166,7980,53
563,31380,35970,7920,52
564,31380,34034,5880,59
565,31440,34512,7740,153
566,31500,35056,3900,136
567,31500,34115,8700,42
568,31500,35146,0,24
569,31560,37787,8580,131
570,31560,36111,7860,100
571,31560,35068,0,116
572,31620,34556,8220,38
573,31620,36936,7920,67
574,31620,37447,7380,132
575,31680,39058,5880,154
576,31680,34208,7200,56
577,31680,37588,5880,23
578,31680,36087,8280,18
579,31740,35066,2940,76
580,31740,33447,31740,94
581,31740,33952,2940,13
582,31740,34732,2940,84
583,31740,37084,7740,30
584,31740,37012,7740,31
585,31740,36663,8340,86
586,31740,33207,31740,93
587,31800,37134,2880,147
588,31800,34661,7800,97
589,31800,35213,7800,96
590,31800,37646,8400,46
591,31800,34981,7500,134
592,31860,34846,8460,39
593,31920,36751,8220,99
594,31920,36393,8220,33
595,31980,38347,7800,129
596,31980,36831,8580,65
597,31980,37589,8280,66
598,31980,35256,8580,87
599,32040,36650,7740,1
600,32040,37583,7740,22
601,32040,35313,8640,63
602,32040,35217,8640,62
603,32100,34972,8700,81
604,32100,33705,5100,108
605,32100,38886,8700,53
606,32100,36758,8100,117
607,32160,33970,8100,20
608,32160,36194,8040,118
609,32220,35804,8820,41
610,32220,37421,8820,85
611,32220,35396,8520,32
612,32280,34879,9480,43
613,32280,37073,10680,0
614,32280,36870,8820,52
615,32280,38192,8820,47
616,32280,34494,5880,12
617,32340,37848,9480,70
618,32340,39096,8940,130
619,32340,35941,8940,82
620,32340,36262,6060,88
621,32400,35583,0,14
622,32400,34428,9000,57
623,32400,34631,0,158
624,32400,35448,8880,111
625,32400,34529,3600,159
626,32400,37944,4740,6
627,32400,36483,0,77
628,32460,36539,0,142
629,32460,35232,9240,135
630,32460,35287,8460,35
631,32460,35103,9060,38
632,32520,36371,9120,18
633,32520,37320,6420,45
634,32520,38747,9540,131
635,32520,36087,8640,120
636,32520,35218,9120,39
637,32520,35388,9120,40
638,32520,37307,9420,7
639,32520,36614,8820,33
640,32520,38064,7320,148
641,32520,35630,0,74
642,32640,38299,7740,26
643,32640,37119,9780,71
644,32640,36921,9240,86
645,32700,41053,0,5
646,32700,35315,9900,42
647,32700,38407,8460,132
648,32760,38964,8580,129
649,32760,35163,0,60
650,32820,35684,8580,95
651,32820,37770,9420,85
652,32820,36854,8700,118
653,32820,35012,8340,56
654,32880,40044,5880,155
655,32880,39210,10680,104
656,32880,36445,5880,11
657,32880,41341,10680,103
658,32880,34825,5880,101
659,32880,36056,9180,32
660,32940,38214,9540,46
661,32940,36545,9240,67
662,32940,35151,8940,98
663,32940,39263,4020,91
664,32940,38933,8640,49
665,33000,39549,8940,92
666,33000,36556,5400,136
667,33060,35932,9660,81
668,33060,35712,9060,97
669,33120,40839,9720,145
670,33120,37607,9720,65
671,33180,42554,10680,2
672,33240,36951,9840,64
673,33240,36874,8460,119
674,33300,35899,10500,43
675,33300,36738,9600,66
676,33300,36566,9900,82
677,33360,37446,9900,52
678,33360,36636,9960,87
679,33360,39751,9000,48
680,33360,36109,5400,133
681,33360,36058,9960,39
682,33360,42880,9300,146
683,33360,36927,9480,120
684,33420,37514,9720,33
685,33420,36081,8520,34
686,33480,35298,9360,21
687,33480,37013,7200,88
688,33540,37887,9840,100
689,33540,36475,9240,134
690,33540,36408,10140,40
691,33540,37755,9540,117
692,33540,38860,10080,47
693,33600,37881,10200,86
694,33600,37771,10140,19
695,33600,35265,7800,107
696,33600,34709,0,79
697,33600,39307,9360,132
698,33600,39827,10620,131
699,33660,36538,8880,112
700,33660,35470,9600,20
701,33660,36681,5760,73
702,33660,38628,10800,70
703,33660,36837,10260,62
704,33720,36768,10200,111
705,33780,40077,10680,106
706,33780,36395,10980,42
707,33780,40310,10680,105
708,33780,36363,5880,58
709,33780,37631,10380,18
710,33840,40316,10440,130
711,33840,36483,10440,38
712,33840,40626,10440,53
713,33840,36943,9840,96
714,33840,36667,9840,35
715,33900,38401,10200,99
716,33900,36092,9420,56
717,33900,40104,9720,129
718,33960,38054,10260,33
719,34020,39700,8820,68
720,34020,37640,8820,83
721,34020,39170,8820,69
722,34020,36198,8820,102
723,34020,38507,10620,65
724,34020,37713,8820,150
725,34020,37779,8820,149
726,34080,37793,10680,128
727,34080,39096,10680,28
728,34080,38480,10680,29
729,34080,36720,10380,44
730,34080,37762,10680,10
731,34080,39782,10680,27
732,34080,43195,10680,3
733,34080,39030,10680,85
734,34080,38295,10080,117
735,34140,36739,11340,43
736,34140,36792,10140,97
737,34140,37745,10440,67
738,34140,37774,9360,119
739,34140,36838,10740,39
740,34200,36329,5400,159
741,34200,36384,5400,123
742,34200,36431,1800,158
743,34200,35519,0,137
744,34260,38607,10560,100
745,34260,38346,10800,52
746,34260,39047,11160,7
747,34260,36471,10260,98
748,34320,37184,10080,95
749,34320,38799,11460,71
750,34320,37192,10920,81
751,34320,36974,8820,59
752,34320,37887,10440,120
753,34320,37092,11100,135
754,34380,37452,10680,153
755,34440,37550,1920,74
756,34440,37878,10740,66
757,34440,38151,11040,64
758,34500,40207,10260,132
759,34500,38671,11040,19
760,34500,37143,11100,38
761,34500,38178,4140,113
762,34500,37249,6540,133
763,34560,38086,9240,114
764,34560,40104,9360,148
765,34560,40787,11580,131
766,34560,37376,11160,41
767,34560,37736,10860,32
768,34560,41036,11160,130
769,34620,39121,10920,99
770,34620,41998,8820,154
771,34620,38901,11220,86
772,34620,38714,10920,33
773,34620,40528,8820,23
774,34680,38895,10680,117
775,34680,36892,5880,13
776,34680,36387,34680,94
777,34680,37672,5880,84
778,34680,39952,10680,31
779,34680,36147,34680,93
780,34680,38006,5880,76
781,34680,40024,10680,30
782,34680,39954,11280,46
783,34740,40060,11280,47
784,34740,38273,8460,88
785,34740,39227,11340,65
786,34740,40284,7080,6
787,34740,38774,10620,118
788,34740,37491,10740,72
789,34740,37355,11940,42
790,34800,37590,10800,8
791,34800,36828,11400,57
792,34800,37976,11100,32
793,34800,37498,11400,39
794,34800,36405,7800,108
795,34800,38651,11400,18
796,34800,36618,10680,21
797,34860,38136,11460,87
798,34860,37521,9960,34
799,34860,38416,7260,136
800,34860,38036,11160,32
801,34920,39888,12060,70
802,34920,41124,10740,129
803,34920,41243,6000,91
804,34920,37968,11400,111
805,34920,39267,11220,100
806,34980,39590,10680,1
807,34980,40523,10680,22
808,35040,37867,11040,35
809,35040,38306,11640,82
810,35040,38313,11640,63
811,35100,37978,10320,112
812,35100,38277,11700,62
813,35160,39246,11700,52
814,35160,37803,11760,38
815,35220,37434,8820,12
816,35220,39435,11220,117
817,35220,40013,13620,0
818,35280,37879,12480,43
819,35280,38885,11580,67
820,35280,38914,10500,119
821,35280,41671,10920,48
822,35280,38847,11400,120
823,35280,38215,10980,134
824,35340,38516,11640,32
825,35340,39511,11880,19
826,35340,39051,11940,64
827,35400,39434,11280,118
828,35400,38346,7800,51
829,35400,41466,4800,125
830,35400,40734,6480,147
831,35460,39961,11760,99
832,35520,37731,11520,98
833,35520,40307,12420,7
834,35520,45040,11460,146
835,35580,38278,12180,39
836,35640,42426,12240,53
837,35700,41927,12720,131
838,35700,41407,11460,132
839,35700,38352,11700,97
840,35700,38568,12300,40
841,35700,40143,0,37
842,35700,38315,12900,42
843,35700,40650,12300,85
844,35760,38400,12060,44
845,35820,40307,12420,65
846,35820,38463,12420,38
847,35820,38592,12600,135
848,35820,42369,11760,92
849,35880,41424,8220,6
850,35880,37908,12480,57
851,35880,39146,12480,82
852,36000,38129,7200,159
853,36000,39438,12300,66
854,36000,40501,12300,99
855,36000,40086,12540,52
856,36000,39103,12000,96
857,36000,40479,13140,71
858,36000,39021,8100,73
859,36000,37818,11880,21
860,36000,37835,4800,124
861,36000,38231,3600,158
862,36060,38252,11580,56
863,36060,40094,11940,118
864,36060,40275,12060,117
865,36060,38636,7260,61
866,36120,40467,12420,100
867,36120,38781,11220,34
868,36120,42906,12720,53
869,36120,38674,7200,75
870,36120,40197,10440,25
871,36120,39297,12720,62
872,36180,39814,11400,119
873,36180,39456,12780,87
874,36180,38779,13380,43
875,36180,40031,12780,18
876,36180,39713,9900,88
877,36240,41560,12780,47
878,36240,42444,12060,129
879,36300,38899,13500,43
880,36360,40531,12900,19
881,36360,42836,12960,130
882,36360,39058,12960,39
883,36420,41694,13020,46
884,36420,40514,12720,33
885,36420,39693,13020,63
886,36480,39352,13080,81
887,36540,40145,12840,67
888,36540,39404,12300,95
889,36540,41340,10440,45
890,36540,40626,13080,52
891,36600,39478,11820,112
892,36600,40881,13200,86
893,36600,38410,12540,20
894,36600,42593,12300,49
895,36600,39243,13200,38
896,36660,38871,12660,98
897,36660,41007,12960,100
898,36660,39432,13440,135
899,36660,40216,9060,136
900,36660,39275,13860,42
901,36660,43051,12300,48
902,36720,42947,13740,131
903,36720,39536,13320,41
904,36840,40016,13140,32
905,36840,41790,13440,85
906,37020,41054,12900,118
907,37080,39732,13080,97
908,37080,39108,13680,57
909,37080,41295,13080,117
910,37080,40714,12300,119
911,37140,41234,13440,33
912,37140,40416,13740,87
913,37200,39043,8400,162
914,37200,39033,8400,163
915,37200,39799,14400,43
916,37200,42520,13740,47
917,37200,40656,9600,15
918,37260,39875,14460,42
919,37260,40009,9300,133
920,37260,40827,13380,120
921,37260,43809,13200,92
922,37260,41747,13860,65
923,37320,41491,13860,19
924,37320,40147,13320,35
925,37320,44106,13920,53
926,37320,41601,13920,86
927,37380,40041,12480,34
928,37380,39198,13260,21
929,37380,42167,14280,7
930,37380,39190,13320,20
931,37440,40706,14040,82
932,37440,43099,12540,26
933,37500,41211,14100,64
934,37500,40676,13800,32
935,37500,40368,14100,40
936,37560,41093,11280,88
937,37560,44036,14160,130
938,37560,42510,14160,85
939,37560,41775,13560,117
940,37560,40258,14160,39
941,37620,41225,13920,67
942,37680,44010,15480,104
943,37680,46141,15480,103
944,37680,39625,10680,101
945,37680,40558,12900,112
946,37680,41531,14280,18
947,37680,41245,10680,11
948,37680,44844,10680,155
949,37680,41249,10680,115
950,37740,43284,10080,6
951,37740,43014,14340,46
952,37740,40383,14340,38
953,37800,40031,5400,158
954,37800,41778,10800,141
955,37800,39929,9000,159
956,37800,40848,14280,111
957,37800,39429,9000,164
958,37800,41012,0,140
959,37800,40616,14400,41
960,37800,40440,14100,44
961,37800,38892,0,138
962,37860,40632,14640,135
963,37860,40963,13860,96
964,37860,40071,13860,98
965,37860,42828,15000,70
966,37860,41894,13740,118
967,37920,41446,12600,114
968,37920,42421,14220,99
969,37920,42201,14520,86
970,37920,41358,14220,66
971,37980,44456,14580,130
972,37980,40534,9060,75
973,37980,47354,15480,2
974,38040,43747,13800,132
975,38100,42134,13980,118
976,38100,42194,14400,33
977,38100,40715,15300,42
978,38100,43050,14700,85
979,38160,41336,14460,32
980,38160,40858,14760,39
981,38160,41433,14760,63
982,38220,42391,14760,19
983,38220,41854,13440,119
984,38220,44447,15240,131
985,38220,40819,15420,43
986,38220,45006,14820,53
987,38280,41847,14400,120
988,38280,41152,14880,81
989,38280,41546,14880,82
990,38280,42366,14820,52
991,38340,40955,15540,42
992,38340,41091,14340,72
993,38340,43660,14880,47
994,38340,41616,14940,87
995,38340,46059,14940,145
996,38400,39509,4800,79
997,38400,41452,7800,50
998,38400,42078,8040,113
999,38460,41338,13680,112
1000,38460,42947,15060,65
1001,38460,41112,14460,97
1002,38460,41395,14160,134
1003,38520,43320,12420,45
1004,38520,42076,10920,136
1005,38520,41181,13620,34
1006,38520,44513,14220,49
1007,38580,41163,10680,58
1008,38580,42291,15180,64
1009,38580,43081,14880,99
1010,38580,44877,15480,106
1011,38580,45110,15480,105
1012,38640,41688,15120,111
1013,38700,42734,14580,118
1014,38700,42915,14700,117
1015,38700,43179,15840,71
1016,38760,42293,12480,88
1017,38760,45236,15360,130
1018,38820,41647,14820,35
1019,38820,40998,13620,102
1020,38820,42513,13620,150
1021,38820,43970,13620,69
1022,38820,41435,16020,42
1023,38820,44500,13620,68
1024,38820,42579,13620,149
1025,38820,44527,14580,132
1026,38820,42440,13620,83
1027,38880,41629,10920,133
1028,38880,45666,15480,53
1029,38880,42562,15480,10
1030,38880,41748,15480,40
1031,38880,47995,15480,3
1032,38880,42056,15180,32
1033,38880,42731,15480,18
1034,38880,44154,15480,46
1035,38880,44582,15480,27
1036,38880,43280,15480,29
1037,38880,43896,15480,28
1038,38880,45203,9960,91
1039,38940,41132,14460,56
1040,38940,41812,15540,81
1041,39000,43094,15300,33
1042,39000,44544,11340,6
1043,39000,41184,10200,123
1044,39000,44334,10080,147
1045,39000,43347,15300,100
1046,39000,41772,15780,135
1047,39000,41028,15600,57
1048,39000,41643,15600,38
1049,39060,45264,14880,129
1050,39060,48580,15000,146
1051,39120,41774,13620,59
1052,39180,43681,15480,99
1053,39180,42618,15480,66
1054,39180,42252,15480,153
1055,39240,42506,15840,82
1056,39240,42874,14460,119
1057,39240,43455,15240,117
1058,39300,45849,15240,92
1059,39300,41899,16500,43
1060,39300,42905,15600,67
1061,39300,40714,8400,160
1062,39300,40714,8400,161
1063,39360,44147,16260,7
1064,39360,43641,15960,86
1065,39360,43394,15240,118
1066,39360,45587,16380,131
1067,39360,42965,15660,67
1068,39420,42441,11520,73
1069,39420,45328,13620,23
1070,39420,46798,13620,154
1071,39480,43206,10680,127
1072,39480,41692,10680,13
1073,39480,43191,16080,64
1074,39480,44752,15480,31
1075,39480,41187,39480,94
1076,39480,43047,15600,120
1077,39480,40947,39480,93
1078,39480,42806,10680,76
1079,39480,42472,10680,84
1080,39480,44824,15480,30
1081,39540,45084,14340,148
1082,39540,43711,16080,19
1083,39600,44222,0,36
1084,39600,41729,10800,159
1085,39600,42777,16200,62
1086,39600,41831,7200,158
1087,39600,42252,15600,97
1088,39600,44568,16740,70
1089,39720,44207,16320,65
1090,39720,44067,16020,100
1091,39720,42996,16320,87
1092,39720,45427,15480,132
1093,39780,42890,7260,74
1094,39780,45323,15480,22
1095,39780,43053,16380,63
1096,39780,44390,15480,1
1097,39780,43631,16380,18
1098,39840,42243,7080,60
1099,39840,43926,16380,52
1100,39840,46626,16440,53
1101,39840,42394,10920,75
1102,39900,42716,16500,41
1103,39900,45174,16500,46
1104,40020,42234,13620,12
1105,40020,42212,15540,56
1106,40020,46496,16620,130
1107,40020,44235,16020,117
1108,40020,43196,16320,32
1109,40020,44813,18420,0
1110,40080,44114,15960,118
1111,40080,43636,12480,136
1112,40080,45400,16620,47
1113,40080,42958,15300,112
1114,40080,44174,16380,33
1115,40140,43673,13860,88
1116,40140,46367,17160,131
1117,40140,42780,16440,44
1118,40200,45744,12540,6
1119,40200,44987,17100,7
1120,40200,42815,17400,42
1121,40260,43032,17040,135
1122,40320,44031,16920,64
1123,40320,42138,16200,21
1124,40380,45330,16980,85
1125,40380,44881,16680,99
1126,40380,43818,16680,66
1127,40440,43267,16440,35
1128,40440,44611,16980,19
1129,40500,46493,16200,49
1130,40500,43372,17100,81
1131,40500,44847,16800,100
1132,40500,43198,17100,39
1133,40560,47036,17160,130
1134,40680,43783,16680,96
1135,40680,43946,17280,82
1136,40740,44955,16740,117
1137,40740,43392,16740,97
1138,40740,44345,17040,67
1139,40740,44774,16620,118
1140,40800,47191,16440,48
1141,40800,45279,17940,71
1142,40860,45361,17160,99
1143,40920,44771,17520,18
1144,40920,44097,17520,62
1145,40920,45014,17220,33
1146,40920,47469,16860,92
1147,40920,47124,16740,129
1148,40980,44547,17100,120
1149,41040,44313,17640,63
1150,41040,45840,14940,45
1151,41160,44095,16860,134
1152,41160,44208,17640,111
1153,41160,44436,17760,87
1154,41220,45567,17520,100
1155,41280,46554,17880,46
1156,41280,44456,17580,32
1157,41280,43472,16800,56
1158,41340,43551,17340,98
1159,41340,44778,17640,66
1160,41340,44873,15060,88
1161,41340,44089,13380,133
1162,41340,43939,18540,43
1163,41340,46290,17940,85
1164,41400,42719,7200,137
1165,41400,45486,17940,52
1166,41400,44956,13800,136
1167,41400,43529,12600,159
1168,41400,43631,9000,158
1169,41400,43235,10200,124
1170,41400,42492,3600,138
1171,41460,44726,18060,82
1172,41460,47167,17220,132
1173,41520,44292,18300,135
1174,41520,44388,18120,40
1175,41520,44163,18120,38
1176,41520,44392,18120,81
1177,41520,45735,17520,117
1178,41520,44630,9000,74
1179,41520,45554,17400,118
1180,41580,44396,18180,41
1181,41580,44444,17340,95
1182,41640,48116,18240,130
1183,41700,45981,18300,86
1184,41760,45394,16980,119
1185,41760,45854,18060,33
1186,41820,43638,17700,21
1187,41820,44518,18420,39
1188,41940,46287,18240,100
1189,41940,45507,18060,120
1190,41940,48726,18540,53
1191,41940,47484,14280,6
1192,42000,44028,18600,57
1193,42060,47380,18600,47
1194,42120,43930,18060,20
1195,42180,45356,18480,32
1196,42180,45826,10680,24
1197,42240,45748,10680,116
1198,42240,46274,18120,118
1199,42240,44855,19440,42
1200,42240,47899,17340,26
1201,42240,44901,17340,34
1202,42240,46411,18780,19
1203,42300,46581,18900,86
1204,42300,45172,18900,81
1205,42300,50019,18900,145
1206,42360,47160,16260,45
1207,42420,45976,14820,136
1208,42420,46514,18720,33
1209,42420,48127,18180,132
1210,42480,48473,18180,49
1211,42480,44425,15480,101
1212,42480,46047,18600,120
1213,42480,45746,19080,82
1214,42480,48803,13560,91
1215,42480,50941,20280,103
1216,42480,48810,20280,104
1217,42480,46013,16200,88
1218,42480,46045,15480,11
1219,42480,49644,15480,155
1220,42540,46251,19140,64
1221,42540,47027,19140,65
1222,42600,47387,19500,7
1223,42600,45783,10200,14
1224,42600,48827,19620,131
1225,42600,46234,17820,119
1226,42660,45432,19440,135
1227,42660,45303,19260,38
1228,42660,44871,18660,98
1229,42720,52240,18660,146
1230,42720,49196,19320,130
1231,42780,52154,20280,2
1232,42780,45828,19260,111
1233,42840,46017,19440,62
1234,42840,47187,19140,100
1235,42840,45439,20040,43
1236,42900,45768,19500,40
1237,42900,45727,18900,35
1238,42900,44718,18780,21
1239,42900,46176,19500,87
1240,42960,49164,18780,129
1241,42960,45658,19560,39
1242,42960,45600,19260,44
1243,43020,46871,19620,18
1244,43080,45272,18600,56
1245,43080,45108,19680,57
1246,43140,48414,19740,46
1247,43140,44950,19080,20
1248,43200,49266,12600,125
1249,43200,45431,10800,158
1250,43200,44309,9600,79
1251,43200,46805,19500,67
1252,43200,47371,19740,19
1253,43200,46078,18420,112
1254,43200,46638,19500,66
1255,43200,45329,14400,159
1256,43260,48580,19800,47
1257,43260,46281,15360,73
1258,43320,46602,0,139
1259,43380,47466,19920,52
1260,43380,49677,20280,106
1261,43380,47595,19380,117
1262,43380,45963,15480,58
1263,43380,47414,19260,118
1264,43380,49910,20280,105
1265,43440,46706,20040,82
1266,43560,46736,19860,32
1267,43620,45798,18420,102
1268,43620,49300,18420,68
1269,43620,47313,18420,150
1270,43620,47379,18420,149
1271,43620,47240,18420,83
1272,43620,48770,18420,69
1273,43680,49382,20280,27
1274,43680,46295,20880,42
1275,43680,48080,20280,29
1276,43680,48696,20280,28
1277,43680,52795,20280,3
1278,43680,47362,20280,10
1279,43680,50466,20280,53
1280,43740,46612,20340,81
1281,43740,46675,19440,134
1282,43740,48708,20880,70
1283,43740,47307,19860,120
1284,43800,48750,20400,85
1285,43800,46443,20400,38
1286,43800,47356,16200,136
1287,43800,46011,19800,98
1288,43800,47434,19020,119
1289,43860,47393,17580,88
1290,43920,48014,20220,33
1291,43920,49627,19680,132
1292,43920,46574,18420,59
1293,43920,50243,15000,91
1294,43920,46692,20700,135
1295,43980,46641,19080,34
1296,43980,47052,20280,153
1297,44040,49584,16380,6
1298,44040,48255,20040,117
1299,44040,45858,19920,21
1300,44040,47216,20340,32
1301,44040,48074,19920,118
1302,44100,46849,16140,133
1303,44160,47337,20760,62
1304,44160,48441,20760,86
1305,44220,48567,20520,100
1306,44220,48707,20820,65
1307,44220,50128,18420,23
1308,44220,47268,20700,111
1309,44220,47486,20820,82
1310,44220,51598,18420,154
1311,44280,50603,15360,91
1312,44280,46308,20880,57
1313,44280,45747,44280,93
1314,44280,49552,20280,31
1315,44280,46492,15480,13
1316,44280,49624,20280,30
1317,44280,45987,44280,94
1318,44280,47606,15480,76
1319,44280,47272,15480,84
1320,44280,48759,21420,71
1321,44460,47736,21060,87
1322,44520,48154,19740,119
1323,44520,49021,20820,99
1324,44580,50123,20280,22
1325,44580,49190,20280,1
1326,44580,47179,21780,43
1327,44580,47396,21180,41
1328,44580,46390,20520,20
1329,44640,50633,20340,49
1330,44700,47572,21300,81
1331,44700,48871,21240,19
1332,44760,48611,21360,18
1333,44760,48854,21060,33
1334,44760,48794,20640,118
1335,44820,49613,23220,0
1336,44820,47034,18420,12
1337,44880,48593,21480,128
1338,44880,48056,21180,32
1339,44880,46698,20760,21
1340,44880,49095,20880,117
1341,44880,48153,21480,63
1342,44940,48545,21240,67
1343,44940,48378,21240,66
1344,45000,49968,22140,70
1345,45000,53328,20400,4
1346,45000,47643,21600,38
1347,45000,47231,12600,158
1348,45000,46319,10800,137
1349,45000,51204,20820,129
1350,45000,47129,16200,159
1351,45000,48103,21000,96
1352,45000,49111,0,78
1353,45060,47252,20580,56
1354,45060,50334,21660,46
1355,45120,49621,21420,99
1356,45180,47952,21960,135
1357,45180,48290,12660,74
1358,45180,48736,17580,136
1359,45240,48104,21000,95
1360,45240,51467,22260,131
1361,45300,51691,20940,48
1362,45300,50620,21840,47
1363,45300,49386,21840,52
1364,45360,48058,21960,39
1365,45360,48893,19080,88
1366,45420,48298,20640,112
1367,45420,50207,22320,7
1368,45480,48095,22680,42
1369,45480,48120,21780,44
1370,45540,49634,21840,33
1371,45540,47568,22140,57
1372,45540,50490,22140,85
1373,45600,47811,21600,98
1374,45600,49634,21480,118
1375,45600,47410,21540,20
1376,45600,51307,21360,132
1377,45660,50460,19560,45
1378,45720,49935,21720,117
1379,45720,48768,22200,111
1380,45720,49287,21840,120
1381,45780,49414,21000,119
1382,45780,52566,22380,53
1383,45840,48501,20940,34
1384,45900,50387,22500,65
1385,45900,51234,16980,147
1386,45960,48559,23160,43
1387,46020,49871,22620,18
1388,46020,50970,22620,85
1389,46020,52224,21840,129
1390,46020,49196,22320,32
1391,46080,52629,22020,92
1392,46080,51354,22680,46
1393,46080,48272,21600,56
1394,46140,50641,22440,99
1395,46140,51684,20940,148
1396,46140,52616,22740,130
1397,46140,50421,22740,86
1398,46200,48843,22800,38
1399,46260,49698,22560,66
1400,46320,49136,22920,41
1401,46320,49876,18720,136
1402,46380,49985,22680,67
1403,46380,52373,22080,49
1404,46500,49372,23100,81
1405,46500,49776,23100,87
1406,46560,50594,22440,118
1407,46560,49175,23760,42
1408,46560,49737,23160,62
1409,46620,49318,23220,39
1410,46620,48438,22500,21
1411,46680,51159,23820,71
1412,46740,51708,23880,70
1413,46740,54459,23340,145
1414,46740,50307,22860,120
1415,46740,56260,22680,146
1416,46740,49392,22740,97
1417,46740,49675,22440,134
1418,46800,49572,23580,135
1419,46800,50886,23340,52
1420,46800,48828,23400,57
1421,46800,48929,18000,159
1422,46800,49031,14400,158
1423,46800,50066,23400,82
1424,46800,49668,23400,40
1425,46800,49848,23280,111
1426,46860,50494,22080,119
1427,46860,50954,23160,33
1428,46860,51647,23760,7
1429,46980,50513,20700,88
1430,46980,51481,23280,99
1431,47040,48858,22920,21
1432,47040,52699,22140,26
1433,47040,51074,22920,118
1434,47040,52747,22800,132
1435,47040,51321,23640,86
1436,47040,50313,23640,63
1437,47100,52420,23640,47
1438,47100,53304,22920,129
1439,47160,53387,24180,131
1440,47160,51011,23760,18
1441,47160,49909,19200,133
1442,47220,54006,23820,53
1443,47220,49412,22740,56
1444,47280,50152,23880,81
1445,47280,55741,25080,103
1446,47280,49225,20280,101
1447,47280,53610,25080,104
1448,47280,54444,20280,155
1449,47280,50845,20280,11
1450,47280,51357,21600,25
1451,47280,51767,23880,65
1452,47340,53663,18420,91
1453,47400,50956,19800,136
1454,47400,50576,23700,32
1455,47460,53664,23280,129
1456,47520,51231,24120,64
1457,47520,50160,23820,44
1458,47580,56954,25080,2
1459,47580,50407,23580,35
1460,47640,51078,23940,66
1461,47640,51245,23940,67
1462,47640,52914,24240,46
1463,47700,53244,20040,6
1464,47700,56053,15000,5
1465,47700,50398,24300,39
1466,47700,54249,23640,92
1467,47760,51394,22980,119
1468,47760,51794,23640,118
1469,47820,49630,23760,20
1470,47820,52321,24120,99
1471,47820,52035,23820,117
1472,47880,53587,23640,132
1473,47940,51216,24540,87
1474,48000,52800,21900,45
1475,48000,50028,24600,57
1476,48000,50615,25200,42
1477,48000,50772,24780,135
1478,48000,49109,14400,79
1479,48000,52347,24300,100
1480,48000,50878,23220,112
1481,48060,51627,24180,120
1482,48060,49878,23940,21
1483,48060,52154,24360,33
1484,48180,54477,25080,106
1485,48180,54710,25080,105
1486,48180,54384,24000,129
1487,48180,51007,24180,35
1488,48180,53130,24780,85
1489,48180,50763,20280,58
1490,48240,53027,25140,7
1491,48240,50901,23340,34
1492,48240,51288,24720,111
1493,48240,51056,24840,41
1494,48360,50552,23880,56
1495,48360,54353,24060,49
1496,48420,52040,23220,83
1497,48420,50598,23220,102
1498,48420,53570,23220,69
1499,48420,52113,23220,150
1500,48420,52635,24420,117
1501,48420,52179,23220,149
1502,48420,54100,23220,68
1503,48420,51596,24720,32
1504,48480,52880,25080,29
1505,48480,53496,25080,28
1506,48480,57595,25080,3
1507,48480,54182,25080,27
1508,48480,51746,25080,82
1509,48480,52162,25080,10
1510,48540,53860,25080,47
1511,48540,52626,25080,52
1512,48600,52634,24480,118
1513,48600,49692,10800,138
1514,48600,52881,25200,86
1515,48600,51199,25800,43
1516,48600,50831,16200,158
1517,48600,50729,19800,159
1518,48600,51252,24600,97
1519,48660,51303,25260,38
1520,48660,53628,25800,70
1521,48660,51214,19740,75
1522,48720,51374,23220,59
1523,48720,52276,21120,136
1524,48720,51993,25320,63
1525,48780,52951,25320,19
1526,48780,51478,25380,39
1527,48780,52313,22500,88
1528,48780,52491,25380,64
1529,48780,51852,25080,153
1530,48840,52052,11040,140
1531,48840,52691,25440,18
1532,48840,55067,25860,131
1533,48900,50743,20100,162
1534,48900,50733,20100,163
1535,48960,53307,25260,100
1536,49020,50830,24960,20
1537,49020,53114,25320,33
1538,49020,54928,23220,23
1539,49020,56398,23220,154
1540,49020,52587,25140,120
1541,49080,54352,25080,31
1542,49080,52256,25380,32
1543,49080,52406,20280,76
1544,49080,51292,20280,13
1545,49080,53295,25080,117
1546,49080,50787,49080,94
1547,49080,54424,25080,30
1548,49080,52072,20280,84
1549,49080,55284,24900,129
1550,49080,50547,49080,93
1551,49140,51168,25740,57
1552,49140,55616,25740,130
1553,49140,54414,25740,46
1554,49200,53234,25080,118
1555,49200,51972,25980,135
1556,49200,52248,25680,111
1557,49260,52363,25260,96
1558,49320,54270,25920,85
1559,49320,51138,25200,21
1560,49320,53799,26460,71
1561,49320,52184,25080,95
1562,49380,53990,25080,1
1563,49380,55929,25320,92
1564,49380,54923,25080,22
1565,49380,53881,25680,99
1566,49440,54774,20520,147
1567,49440,52878,25740,66
1568,49440,53045,25740,67
1569,49500,54300,23400,45
1570,49560,55951,25200,48
1571,49560,55787,26580,131
1572,49620,54413,28020,0
1573,49620,51834,23220,12
1574,49680,52295,26880,42
1575,49680,54027,25980,100
1576,49680,52507,25680,35
1577,49800,52443,26400,38
1578,49800,54587,26700,7
1579,49800,52672,26400,81
1580,49800,52549,21840,133
1581,49800,55866,19200,125
1582,49860,54075,25860,117
1583,49860,52795,25560,134
1584,49860,53037,26460,62
1585,49860,52728,26460,40
1586,49860,53136,26460,87
1587,49980,54014,25860,118
1588,49980,53547,26100,120
1589,49980,53614,25200,119
1590,50040,53313,26640,63
1591,50040,53306,26640,82
1592,50100,54186,26640,52
1593,50100,52740,26400,44
1594,50220,52918,26820,39
1595,50220,55764,22560,6
1596,50280,53456,26580,32
1597,50280,52090,26220,20
1598,50280,52308,26880,57
1599,50340,54621,26940,86
1600,50340,55660,26880,47
1601,50340,54434,26640,33
1602,50340,53896,22740,136
1603,50400,52529,21600,159
1604,50400,53933,24120,88
1605,50400,53151,26400,72
1606,50400,58119,27000,145
1607,50400,56949,26340,92
1608,50400,52631,18000,158
1609,50400,52029,21600,164
1610,50400,55368,27540,70
1611,50400,54571,26940,19
1612,50460,53338,25680,112
1613,50460,53121,25560,34
1614,50460,52278,26340,21
1615,50520,53074,21600,75
1616,50520,57306,27120,53
1617,50580,53179,27780,43
1618,50640,53412,27420,135
1619,50700,52911,26700,98
1620,50760,56467,26520,132
1621,50760,54975,26760,117
1622,50820,53012,26340,56
1623,50940,54666,22140,127
1624,50940,54651,27540,64
1625,50940,55287,27240,100
1626,50940,57167,27960,131
1627,50940,54574,26160,119
1628,50940,56214,27540,46
1629,51000,52414,20100,160
1630,51000,52414,20100,161
1631,51000,54567,27120,120
1632,51000,54266,27600,82
1633,51000,55501,27300,99
1634,51060,54665,27360,67
1635,51180,54618,27480,66
1636,51240,53855,28440,42
1637,51240,54516,27840,87
1638,51300,55515,27300,117
1639,51300,55394,27600,33
1640,51420,54596,27720,32
1641,51420,54468,27900,111
1642,51540,55626,28080,52
1643,51540,53350,27480,20
1644,51540,54183,28140,38
1645,51600,53817,0,17
1646,51600,53628,28200,57
1647,51600,53784,22800,123
1648,51660,54432,28440,135
1649,51660,54538,26880,112
1650,51660,56139,28800,71
1651,51660,56007,27960,100
1652,51660,55216,24060,136
1653,51660,55941,28260,86
1654,51720,54536,28320,41
1655,51720,56207,28320,65
1656,51720,58111,27360,48
1657,51720,54381,26820,34
1658,51720,57040,28260,47
1659,51780,54648,28380,40
1660,51780,53598,27660,21
1661,51780,54607,27780,35
1662,51840,57499,26940,26
1663,51840,58389,27780,92
1664,51840,54712,28440,81
1665,51840,57384,24180,6
1666,51900,55467,28020,120
1667,51900,55534,27120,119
1668,51960,58283,23040,91
1669,51960,54658,28560,39
1670,51960,58746,28560,53
1671,52020,54212,27540,56
1672,52080,56295,28080,117
1673,52080,59244,25080,155
1674,52080,54025,25080,101
1675,52080,55645,25080,11
1676,52080,58410,29880,104
1677,52080,60541,29880,103
1678,52080,56114,27960,118
1679,52080,54679,29280,43
1680,52140,56234,28440,33
1681,52200,54329,23400,159
1682,52200,55733,25920,88
1683,52200,54431,19800,158
1684,52200,57744,27000,148
1685,52200,53519,18000,137
1686,52200,53292,14400,138
1687,52260,55971,28860,64
1688,52320,55430,19800,74
1689,52320,56399,19860,142
1690,52380,55556,28680,32
1691,52380,61754,29880,2
1692,52380,56551,28920,19
1693,52440,58667,29460,131
1694,52440,54994,23520,75
1695,52440,55878,28740,66
1696,52500,56105,28800,67
1697,52500,56847,28800,100
1698,52500,55677,29100,62
1699,52560,55203,29160,38
1700,52560,57528,29700,70
1701,52560,55200,28860,44
1702,52620,58824,28440,129
1703,52620,56176,25020,136
1704,52680,55946,29280,82
1705,52680,55429,24720,133
1706,52680,54490,28620,20
1707,52680,56531,29280,18
1708,52740,56016,29340,87
1709,52740,55604,28500,95
1710,52740,55843,28740,96
1711,52800,55735,28500,134
1712,52800,55498,29400,39
1713,52800,57015,28800,117
1714,52800,55011,28800,98
1715,52800,55848,29280,111
1716,52800,53909,19200,79
1717,52860,55632,29640,135
1718,52860,57660,26760,45
1719,52860,56506,21360,24
1720,52860,54678,28740,21
1721,52860,56494,28080,119
1722,52860,58134,29460,46
1723,52920,55792,29520,81
1724,52980,58973,28680,49
1725,52980,55563,25080,58
1726,52980,59510,29880,105
1727,52980,59277,29880,106
1728,53040,57990,29640,85
1729,53040,57387,29340,100
1730,53100,55761,28200,34
1731,53160,55803,29760,38
1732,53160,57947,30060,7
1733,53160,55775,30360,42
1734,53220,56979,28020,149
1735,53220,58900,28020,68
1736,53220,56913,28020,150
1737,53220,58370,28020,69
1738,53220,59696,29820,130
1739,53220,56840,28020,83
1740,53220,55398,28020,102
1741,53280,58296,29880,28
1742,53280,58982,29880,27
1743,53280,58824,25620,6
1744,53280,62395,29880,3
1745,53280,57680,29880,29
1746,53280,56962,29880,10
1747,53280,60066,29880,53
1748,53280,57314,29160,118
1749,53280,57374,29580,33
1750,53400,58720,29940,47
1751,53460,57675,29460,117
1752,53460,56636,29760,32
1753,53460,56328,30060,40
1754,53460,55652,28980,56
1755,53520,56174,28020,59
1756,53580,56278,30180,39
1757,53580,56652,29880,153
1758,53580,58067,30180,65
1759,53580,56846,30180,82
1760,53640,58974,24720,147
1761,53640,56239,30840,43
1762,53640,60189,29580,92
1763,53700,56572,30300,81
1764,53700,56973,30300,63
1765,53760,58261,30060,99
1766,53820,59728,28020,23
1767,53820,60211,29460,48
1768,53820,61198,28020,154
1769,53820,57353,27540,88
1770,53880,59224,29880,30
1771,53880,57206,25080,76
1772,53880,59152,29880,31
1773,53880,55587,53880,94
1774,53880,55347,53880,93
1775,53880,56872,25080,84
1776,53880,56092,25080,13
1777,53940,55968,30540,57
1778,53940,57216,30540,87
1779,53940,57117,30540,62
1780,53940,56592,29940,97
1781,54000,56751,30000,72
1782,54000,58083,21600,77
1783,54000,56231,21600,158
1784,54000,55835,22800,124
1785,54000,57634,29220,119
1786,54000,56250,0,16
1787,54000,56643,30600,38
1788,54000,58968,31140,70
1789,54000,56129,25200,159
1790,54000,57567,30120,120
1791,54060,56832,30840,135
1792,54060,57771,30660,64
1793,54120,59827,29880,132
1794,54120,58154,30000,118
1795,54120,61839,30720,145
1796,54120,58599,31260,71
1797,54120,57676,26520,136
1798,54120,63640,30060,146
1799,54180,57290,21660,74
1800,54180,56878,30780,39
1801,54180,57785,30480,67
1802,54180,58790,29880,1
1803,54180,59723,29880,22
1804,54180,60384,30000,129
1805,54240,58741,30540,99
1806,54240,58334,30540,33
1807,54240,57288,30720,111
1808,54240,57678,30540,66
1809,54300,58515,30300,117
1810,54420,56634,28020,12
1811,54420,59213,32820,0
1812,54420,57292,31020,81
1813,54420,57035,31620,42
1814,54420,58767,30720,100
1815,54480,56298,30360,21
1816,54540,56751,30540,98
1817,54540,57475,30240,134
1818,54540,59490,31140,85
1819,54600,60144,26940,6
1820,54600,56229,25800,164
1821,54600,59874,31200,46
1822,54660,57487,30660,35
1823,54780,58349,27780,115
1824,54780,58631,31380,18
1825,54780,57420,31080,44
1826,54900,63228,30300,4
1827,54900,56565,29100,107
1828,54960,58468,23400,116
1829,54960,61436,31560,130
1830,54960,59760,28860,45
1831,54960,58594,30180,119
1832,55020,57635,32220,42
1833,55020,58286,31620,82
1834,55020,57619,32220,43
1835,55020,57048,31620,57
1836,55080,58647,31200,120
1837,55080,57778,31680,39
1838,55080,59114,30960,118
1839,55080,61866,31680,53
1840,55080,59581,31380,99
1841,55140,61463,26220,91
1842,55140,56950,31080,20
1843,55200,58016,31800,41
1844,55200,58473,31800,63
1845,55200,59371,31740,19
1846,55200,59481,31800,86
1847,55260,57903,31860,38
1848,55260,58437,31860,62
1849,55260,60580,31800,47
1850,55260,57078,31140,21
1851,55320,58853,29040,88
1852,55380,61584,31200,129
1853,55380,58646,31980,82
1854,55380,60330,31980,85
1855,55380,58556,31680,32
1856,55440,59526,31980,52
1857,55440,58996,27840,136
1858,55440,59927,32040,65
1859,55440,59534,31740,33
1860,55500,60287,32400,7
1861,55500,61207,31260,132
1862,55620,60099,32760,71
1863,55680,58558,30900,112
1864,55740,61967,32760,131
1865,55740,58355,32940,42
1866,55740,58489,27780,133
1867,55740,58392,31740,97
1868,55740,58438,32340,39
1869,55800,56892,18000,138
1870,55800,58461,30900,34
1871,55800,57119,21600,137
1872,55800,59405,32100,67
1873,55800,58627,31800,35
1874,55800,58031,23400,158
1875,55800,58050,0,144
1876,55800,57992,31320,56
1877,55800,60147,32100,100
1878,55800,57214,24900,160
1879,55800,62191,31440,48
1880,55800,59971,32340,19
1881,55800,57214,24900,161
1882,55800,57929,27000,159
1883,55800,61344,30600,148
1884,55860,58632,32640,135
1885,55860,61194,26940,147
1886,55860,60828,33000,70
1887,55860,60361,32160,99
1888,55860,58908,32340,111
1889,55980,59090,23460,74
1890,55980,59418,32280,66
1891,55980,58852,32580,81
1892,56040,62826,32640,53
1893,56100,59734,31320,119
1894,56100,59667,32220,120
1895,56100,58743,32700,38
1896,56100,57705,29100,108
1897,56160,62483,27240,91
1898,56220,59898,25860,113
1899,56220,58248,32820,57
1900,56280,59215,31980,134
1901,56280,59991,32880,64
1902,56280,61554,32880,46
1903,56340,59516,32640,32
1904,56340,60426,32880,52
1905,56400,60251,33000,18
1906,56400,59098,33000,39
1907,56400,62627,33420,131
1908,56400,59956,28800,136
1909,56460,58278,32340,21
1910,56460,60554,32760,33
1911,56460,60947,33060,65
1912,56460,60807,32760,100
1913,56460,59736,33060,87
1914,56520,61470,33120,85
1915,56520,59384,32280,95
1916,56580,59353,32580,9
1917,56580,60614,32460,118
1918,56580,59601,28680,73
1919,56580,59448,33180,40
1920,56580,61081,32880,99
1921,56640,60855,32640,117
1922,56640,59280,32940,44
1923,56640,62347,32400,132
1924,56640,59239,33840,43
1925,56640,62299,31740,26
1926,56700,62904,32520,129
1927,56700,60226,31380,114
1928,56700,59472,33480,135
1929,56700,59516,33300,41
1930,56700,62766,26100,125
1931,56760,60293,30480,88
1932,56760,59403,33360,38
1933,56880,63356,33480,130
1934,56880,60445,29880,11
1935,56880,59072,32400,56
1936,56880,58825,29880,101
1937,56880,63210,34680,104
1938,56880,65341,34680,103
1939,56880,60153,33480,63
1940,56880,63107,33900,131
1941,56880,64044,29880,155
1942,56940,61026,33480,52
1943,56940,59812,33540,81
1944,56940,61221,33540,86
1945,56940,60545,33240,67
1946,57000,60438,33300,66
1947,57000,62320,33540,47
1948,57000,61171,33540,19
1949,57060,59758,33660,39
1950,57060,61539,34200,71
1951,57060,61561,33360,99
1952,57060,61137,31380,25
1953,57060,63053,32760,49
1954,57120,61467,33420,100
1955,57180,66554,34680,2
1956,57240,61727,33840,65
1957,57240,60118,32460,112
1958,57240,60506,33840,82
1959,57300,61011,33900,64
1960,57300,59143,28500,162
1961,57300,59133,28500,163
1962,57300,62087,34200,7
1963,57360,60536,33660,32
1964,57360,62694,28440,147
1965,57420,60063,34020,38
1966,57420,61454,33300,118
1967,57480,61574,33780,33
1968,57480,60231,33480,72
1969,57540,59350,33480,20
1970,57540,60816,34140,87
1971,57600,59831,25200,158
1972,57600,61578,30600,141
1973,57600,60252,33600,97
1974,57600,58709,24000,79
1975,57600,59850,1800,144
1976,57600,59729,28800,159
1977,57600,61815,33600,117
1978,57660,61216,30060,136
1979,57660,60432,34440,135
1980,57660,62460,31560,45
1981,57780,64310,34680,105
1982,57780,64077,34680,106
1983,57780,60334,28860,75
1984,57780,60363,29880,58
1985,57780,60441,32880,34
1986,57780,63984,33600,129
1987,57780,61385,34080,67
1988,57840,61373,31560,88
1989,57840,63384,30180,6
1990,57840,64389,33780,92
1991,57840,62055,33840,117
1992,57840,61926,34380,52
1993,57900,60772,34500,81
1994,57900,60598,34500,39
1995,57900,60649,29940,133
1996,57900,62181,34500,86
1997,57960,61671,34560,64
1998,57960,61994,33840,118
1999,58020,61779,32820,149
2000,58020,61640,32820,83
2001,58020,63170,32820,69
2002,58020,61713,32820,150
2003,58020,60198,32820,102
2004,58020,63700,32820,68
2005,58020,60212,33540,56
2006,58080,67195,34680,3
2007,58080,63096,34680,28
2008,58080,62480,34680,29
2009,58080,61762,34680,10
2010,58080,63782,34680,27
2011,58140,59805,32340,107
2012,58140,64367,35160,131
2013,58140,61406,34740,82
2014,58140,60783,34740,38
2015,58140,64463,29220,91
2016,58200,60799,35400,43
2017,58200,61834,33420,119
2018,58200,61377,34800,62
2019,58200,61016,34800,41
2020,58200,60411,34200,98
2021,58260,63534,34860,46
2022,58320,60974,32820,59
2023,58320,61496,34620,32
2024,58320,61758,34620,66
2025,58380,61452,34680,153
2026,58380,61947,34500,120
2027,58440,61312,35040,81
2028,58440,62526,34980,52
2029,58440,62655,34440,117
2030,58440,62927,35040,65
2031,58500,64704,34320,129
2032,58560,62594,34440,118
2033,58560,63061,34860,99
2034,58560,62654,34860,33
2035,58560,68080,34500,146
2036,58620,64528,32820,23
2037,58620,65998,32820,154
2038,58620,62471,35220,18
2039,58620,61498,33840,112
2040,58680,64024,34680,30
2041,58680,63952,34680,31
2042,58680,60147,58680,93
2043,58680,60387,58680,94
2044,58680,62006,29880,76
2045,58680,61953,35280,63
2046,58680,61672,29880,84
2047,58680,60892,29880,13
2048,58680,63630,35280,85
2049,58740,62345,35040,67
2050,58800,63147,35100,100
2051,58800,62256,31200,15
2052,58800,64793,34500,49
2053,58800,61746,31200,51
2054,58860,65336,35460,130
2055,58860,62416,31260,136
2056,58920,60738,34800,21
2057,58980,61852,35580,81
2058,58980,61008,35580,57
2059,58980,63590,34680,1
2060,58980,64523,34680,22
2061,58980,64687,34740,132
2062,58980,63467,35580,65
2063,58980,62418,35280,66
2064,59040,61232,34560,56
2065,59040,62751,35640,64
2066,59040,61639,36240,43
2067,59220,63435,35220,117
2068,59220,61835,36420,42
2069,59220,61434,32820,12
2070,59220,64013,37620,0
2071,59280,63767,35880,65
2072,59280,62029,31320,133
2073,59280,63451,35820,19
2074,59340,62974,34560,119
2075,59340,62516,35640,32
2076,59340,62038,35940,39
2077,59340,63511,35880,19
2078,59340,62907,35460,120
2079,59340,63191,35940,18
2080,59400,60492,21600,138
2081,59400,61976,30600,61
2082,59400,65949,35340,92
2083,59400,62448,35880,111
2084,59400,62040,35700,44
2085,59400,65791,35040,48
2086,59400,60719,25200,137
2087,59400,64368,36540,70
2088,59400,61631,27000,158
2089,59400,61529,30600,159
2090,59400,63843,23700,37
2091,59400,61769,0,143
2092,59400,62908,27840,116
2093,59460,62287,35460,35
2094,59460,65664,35280,129
2095,59460,62103,36060,38
2096,59460,62232,36240,135
2097,59460,62014,30540,75
2098,59520,61330,35460,20
2099,59520,62181,34620,34
2100,59580,64059,36720,71
2101,59580,63666,36120,52
2102,59580,66366,36180,53
2103,59640,64427,36540,7
2104,59640,61245,32640,108
2105,59640,63921,36240,86
2106,59640,62508,36240,40
2107,59640,64960,36180,47
2108,59820,62435,37020,42
2109,59820,63086,36420,82
2110,59880,62479,37080,43
2111,59880,65587,35640,132
2112,59880,63156,36480,87
2113,59940,64287,36240,100
2114,59940,64441,36240,99
2115,59940,63117,36540,62
2116,59940,63213,36540,63
2117,60000,65544,32340,6
2118,60000,63605,36300,67
2119,60060,62995,35760,134
2120,60060,62088,36660,57
2121,60060,63081,32160,73
2122,60120,63676,32520,136
2123,60180,62970,36180,8
2124,60180,63058,35400,112
2125,60240,62892,36240,97
2126,60240,65784,35040,148
2127,60240,64334,36540,33
2128,60240,62938,36840,39
2129,60240,64411,36780,19
2130,60240,63951,36840,64
2131,60240,63678,36540,66
2132,60300,65574,36900,46
2133,60300,63566,36900,82
2134,60300,63172,36900,81
2135,60360,62552,35880,56
2136,60360,63994,35580,119
2137,60420,63596,36720,32
2138,60420,63946,35100,114
2139,60420,63035,37620,42
2140,60420,64098,30060,113
2141,60480,64047,36600,120
2142,60540,67326,37140,53
2143,60600,64169,33600,115
2144,60600,63703,36600,96
2145,60600,65101,36900,99
2146,60600,64133,34320,88
2147,60660,63411,36660,72
2148,60720,66713,36420,49
2149,60720,67043,31800,91
2150,60720,63830,28200,74
2151,60720,63363,37320,38
2152,60780,66100,37320,47
2153,60840,63439,38040,43
2154,60840,65055,36840,117
2155,60900,66607,36660,132
2156,60900,67104,36720,129
2157,60900,64934,36780,118
2158,60900,64986,37440,52
2159,60960,67436,37560,130
2160,60960,65307,37260,100
2161,60960,67351,36600,48
2162,61020,64576,33420,136
2163,61080,65567,37680,65
2164,61080,63778,37680,39
2165,61080,67307,38100,131
2166,61080,63732,37080,97
2167,61140,63168,37740,57
2168,61140,65234,37440,33
2169,61200,66031,37500,99
2170,61200,64482,17880,139
2171,61200,64027,37200,35
2172,61200,64784,37800,41
2173,61200,64911,37800,64
2174,61200,63431,28800,158
2175,61200,63511,32400,159
2176,61200,63857,1800,143
2177,61200,64476,37800,87
2178,61260,66461,37860,85
2179,61260,64436,37560,32
2180,61260,66768,38400,70
2181,61260,66183,37860,86
2182,61260,64437,37860,62
2183,61320,64192,37920,81
2184,61440,67099,36540,26
2185,61440,65847,38040,18
2186,61440,63994,32520,75
2187,61500,68286,38100,53
2188,61500,64436,38100,38
2189,61500,65555,36720,119
2190,61560,66876,37860,67
2191,61560,64332,38340,135
2192,61620,64606,38220,39
2193,61680,65245,34680,11
2194,61680,65702,38160,111
2195,61680,64208,37200,56
2196,61680,65281,38280,82
2197,61680,68010,39480,104
2198,61680,70141,39480,103
2199,61680,68844,34680,155
2200,61680,63625,34680,101
2201,61740,63558,37620,21
2202,61740,65662,35460,88
2203,61800,66458,37800,117
2204,61800,64399,39000,43
2205,61800,66273,38100,33
2206,61860,63670,37800,20
2207,61860,65036,38160,32
2208,61860,65894,37740,118
2209,61860,67065,39000,71
2210,61860,66411,38160,100
2211,61860,71500,37800,146
2212,61920,68706,38520,53
2213,61980,66903,38580,86
2214,61980,71354,39480,2
2215,61980,64364,37980,98
2216,61980,65691,38580,64
2217,62040,67590,34380,6
2218,62100,70453,29400,5
2219,62100,66951,38700,65
2220,62160,70010,38760,145
2221,62160,64380,38760,57
2222,62160,64800,38460,44
2223,62220,68976,38820,130
2224,62220,67829,38520,66
2225,62280,65216,38880,38
2226,62280,67208,36180,45
2227,62280,68192,38820,47
2228,62280,65461,37980,134
2229,62340,67541,38940,85
2230,62340,66177,38460,120
2231,62340,65616,38940,87
2232,62400,67734,33480,147
2233,62400,64218,38280,21
2234,62400,65452,31800,50
2235,62400,63509,28800,79
2236,62400,65956,34800,136
2237,62400,65015,39600,42
2238,62460,65446,39060,39
2239,62460,68687,39480,131
2240,62460,65121,37560,34
2241,62460,67776,38760,67
2242,62520,65696,38820,32
2243,62520,66927,39120,18
2244,62520,66993,38820,33
2245,62520,67071,38820,100
2246,62580,69110,39480,105
2247,62580,69950,38220,48
2248,62580,65179,39780,43
2249,62580,68877,39480,106
2250,62580,65163,34680,58
2251,62640,66695,37860,119
2252,62640,69007,38460,129
2253,62640,67298,38640,117
2254,62700,66411,39300,64
2255,62700,68527,38460,132
2256,62700,65568,39300,40
2257,62700,66346,31200,24
2258,62760,66794,38640,118
2259,62820,66513,37620,150
2260,62820,65647,38820,35
2261,62820,66579,37620,149
2262,62820,64998,37620,102
2263,62820,68500,37620,68
2264,62820,67970,37620,69
2265,62880,67896,39480,28
2266,62880,67280,39480,29
2267,62880,71995,39480,3
2268,62880,67731,39480,65
2269,62880,68582,39480,27
2270,62880,69018,38580,49
2271,62880,65520,39180,44
2272,62880,66562,39480,10
2273,62940,69726,39540,53
2274,63000,66273,39600,63
2275,63000,65311,34200,159
2276,63000,64319,28800,137
2277,63000,68508,40140,70
2278,63000,65551,7200,144
2279,63000,65872,39600,81
2280,63000,65231,30600,158
2281,63000,67079,30540,142
2282,63000,65403,30240,60
2283,63000,64092,25200,138
2284,63060,65832,39840,135
2285,63060,68784,37860,148
2286,63120,66385,30600,74
2287,63120,67951,39420,99
2288,63180,66456,39780,87
2289,63180,66252,39480,153
2290,63240,69563,34320,91
2291,63240,67713,39540,33
2292,63300,66477,39900,62
2293,63300,66901,39900,82
2294,63300,66296,35340,133
2295,63300,65915,40500,42
2296,63360,66536,39660,32
2297,63420,66356,40020,38
2298,63420,70798,37620,154
2299,63420,69247,39180,132
2300,63420,65804,39420,98
2301,63420,69486,32820,125
2302,63420,69328,37620,23
2303,63420,66019,40620,43
2304,63420,67949,39960,19
2305,63480,68824,39480,30
2306,63480,65187,63480,94
2307,63480,66806,34680,76
2308,63480,65700,40080,57
2309,63480,68752,39480,31
2310,63480,65692,34680,13
2311,63480,66472,34680,84
2312,63480,67887,40080,18
2313,63480,64947,63480,93
2314,63540,68745,40680,71
2315,63540,66412,40140,81
2316,63540,66476,40140,38
2317,63540,70296,40140,130
2318,63600,66750,35700,73
2319,63600,68222,24000,36
2320,63600,66783,31200,14
2321,63660,67497,39780,120
2322,63660,67715,38880,119
2323,63720,67742,40200,111
2324,63720,66381,38820,34
2325,63720,69036,40020,67
2326,63720,65538,39600,21
2327,63720,69947,40740,131
2328,63780,66553,39780,9
2329,63780,68390,39480,1
2330,63780,67814,39660,118
2331,63780,69323,39480,22
2332,63840,66826,40440,39
2333,63900,68451,40200,100
2334,64020,68813,42420,0
2335,64020,71390,39660,48
2336,64020,66847,40020,35
2337,64020,67576,36420,136
2338,64020,67621,40620,82
2339,64020,69629,40320,66
2340,64080,68553,40380,33
2341,64080,66608,39600,56
2342,64080,66679,41280,43
2343,64080,68931,40680,65
2344,64140,67724,40740,41
2345,64200,68729,40740,19
2346,64200,67911,40800,64
2347,64200,68122,37920,88
2348,64200,66951,40200,72
2349,64260,66859,41460,43
2350,64260,66875,41460,42
2351,64320,70687,40140,129
2352,64320,67596,40920,87
2353,64380,70039,39480,26
2354,64380,69930,36720,6
2355,64380,70607,41400,131
2356,64440,67853,40440,96
2357,64440,67376,41040,38
2358,64440,67814,40200,95
2359,64500,70327,40260,132
2360,64560,66944,40560,98
2361,64560,67736,40860,32
2362,64560,66370,40500,20
2363,64560,69761,41160,85
2364,64620,70950,42420,104
2365,64620,68185,37620,11
2366,64620,69451,40920,99
2367,64620,66840,41220,57
2368,64620,73081,42420,103
2369,64620,66565,37620,101
2370,64620,71784,37620,155
2371,64680,67666,41280,39
2372,64680,67541,40680,97
2373,64680,69608,38580,45
2374,64680,71436,41280,130
2375,64680,68735,39900,119
2376,64680,69087,41280,18
2377,64740,68577,40860,120
2378,64740,68013,41340,63
2379,64740,69501,39960,112
2380,64800,68308,33240,116
2381,64800,67031,32400,158
2382,64800,67354,35880,75
2383,64800,70524,39600,148
2384,64800,67351,9000,144
2385,64860,66678,40740,21
2386,64860,68894,40740,118
2387,64860,67632,41640,135
2388,64920,74294,42420,2
2389,64980,68157,41580,62
2390,64980,71766,41580,53
2391,64980,68658,34620,113
2392,65040,67655,42240,42
2393,65040,69963,41640,86
2394,65040,69827,41940,7
2395,65100,68701,41700,82
2396,65100,69573,41400,33
2397,65100,70416,41400,67
2398,65160,67688,40680,56
2399,65220,69810,41760,52
2400,65220,69749,41760,19
2401,65220,68092,41820,81
2402,65220,67881,40320,34
2403,65280,70788,42420,70
2404,65280,68836,37680,136
2405,65340,66449,31740,79
2406,65340,68276,41940,38
2407,65400,71009,41700,66
2408,65400,72156,42000,130
2409,65400,70328,39300,45
2410,65400,68396,37440,133
2411,65400,71246,42000,46
2412,65460,70665,42600,71
2413,65460,67844,41460,98
2414,65520,71817,42420,106
2415,65520,72050,42420,105
2416,65520,72890,41160,48
2417,65520,70071,41820,100
2418,65640,70491,42240,65
2419,65640,68280,41940,44
2420,65640,68626,42240,39
2421,65700,73550,42300,145
2422,65700,75340,41640,146
2423,65760,69519,40560,149
2424,65760,69453,40560,150
2425,65760,68936,42060,32
2426,65760,70233,42060,33
2427,65820,74935,42420,3
2428,65820,70651,42120,99
2429,65820,70220,42420,29
2430,65940,71274,37020,147
2431,65940,70598,41940,117
2432,66000,68615,43200,42
2433,66000,67810,41940,20
2434,66000,68936,42600,38
2435,66060,68928,42660,40
2436,66060,67878,41940,21
2437,66060,69897,42180,120
2438,66120,72906,42720,53
2439,66120,72487,41940,129
2440,66120,70710,42660,52
2441,66120,69192,42420,153
2442,66180,68779,43380,43
2443,66180,70102,39900,88
2444,66240,69390,38340,73
2445,66300,70707,42900,18
2446,66300,72527,43320,131
2447,66300,71501,42900,85
2448,66360,73738,40560,154
2449,66360,72268,40560,23
2450,66420,69746,37620,76
2451,66420,67887,66420,93
2452,66420,71692,42420,31
2453,66420,71764,42420,30
2454,66420,68127,66420,94
2455,66480,70191,43080,64
2456,66480,69341,42480,97
2457,66480,71403,43080,86
2458,66540,71371,42840,99
2459,66540,69716,42840,32
2460,66540,71069,43080,19
2461,66600,71151,42900,100
2462,66600,69372,43380,135
2463,66600,68831,34200,158
2464,66600,69781,42300,134
2465,66600,69257,7200,143
2466,66600,72738,42300,49
2467,66600,69873,43200,63
2468,66600,69812,28800,140
2469,66600,69876,43200,87
2470,66600,69882,23280,139
2471,66660,70371,43260,64
2472,66660,71133,42960,33
2473,66660,69321,41760,34
2474,66660,69188,42180,56
2475,66720,71330,42420,1
2476,66720,71507,43620,7
2477,66720,71481,41940,112
2478,66720,72228,43860,70
2479,66720,69706,43320,39
2480,66900,70501,43500,82
2481,66900,69836,43500,38
2482,66900,69515,44100,42
2483,66960,71811,43560,65
2484,67020,71075,42240,119
2485,67080,68890,43020,20
2486,67140,70851,43740,64
2487,67140,72345,44280,71
2488,67140,69360,43740,57
2489,67140,72749,43440,66
2490,67140,72986,43740,46
2491,67200,72031,43500,99
2492,67200,71858,43200,117
2493,67200,71751,43500,100
2494,67320,72979,42420,26
2495,67320,70147,43320,35
2496,67320,69704,43320,98
2497,67320,71157,43440,120
2498,67320,71354,43200,118
2499,67380,70556,43680,32
2500,67380,73607,44400,131
2501,67380,69979,44580,43
2502,67440,70230,43440,8
2503,67500,68819,33300,137
2504,67500,70765,34980,74
2505,67500,68592,29700,138
2506,67500,71056,39900,136
2507,67560,72033,43860,33
2508,67560,76021,45360,103
2509,67560,73890,45360,104
2510,67560,71967,44160,18
2511,67620,73447,43380,132
2512,67620,70492,44220,81
2513,67680,72270,44220,52
2514,67680,70341,42780,34
2515,67740,71662,41460,88
2516,67740,73652,44280,47
2517,67740,72501,42960,112
2518,67800,70328,43320,56
2519,67800,71384,44400,41
2520,67860,70500,44160,44
2521,67860,71037,44460,62
2522,67920,70535,45120,42
2523,67980,72509,44520,19
2524,67980,72035,43200,119
2525,67980,70916,44580,38
2526,68040,71877,44160,120
2527,68040,72968,41940,45
2528,68100,74856,44700,130
2529,68160,71336,44460,32
2530,68160,73083,44760,86
2531,68280,70500,44880,57
2532,68280,69389,34680,79
2533,68280,72753,44580,33
2534,68340,70939,45540,43
2535,68400,72511,23400,78
2536,68400,70769,9000,143
2537,68400,70631,36000,158
2538,68400,71098,45000,39
2539,68400,71264,44160,95
2540,68400,70210,44340,20
2541,68400,71052,44400,97
2542,68400,71666,45000,82
2543,68400,71503,44400,96
2544,68460,73428,45600,70
2545,68520,74724,44340,129
2546,68580,73367,45480,7
2547,68580,72614,44460,118
2548,68580,72927,44880,100
2549,68580,71601,40680,73
2550,68640,72245,44940,67
2551,68700,73187,45300,65
2552,68700,74407,44460,132
2553,68760,72975,44760,117
2554,68760,73160,45360,29
2555,68820,71692,45420,81
2556,68880,72153,45480,63
2557,68880,71707,44880,35
2558,68880,74154,45480,46
2559,68880,75107,45900,131
2560,68940,71132,44460,56
2561,68940,70758,44820,21
2562,69000,72533,42720,88
2563,69060,72132,45360,153
2564,69060,72236,45360,32
2565,69060,71271,45060,98
2566,69120,72754,44340,119
2567,69180,74130,45780,85
2568,69240,72288,45720,111
2569,69300,71915,46500,42
2570,69300,72049,41340,133
2571,69300,71943,45900,38
2572,69360,72686,40560,76
2573,69360,73211,45960,18
2574,69360,70827,69360,93
2575,69360,71067,69360,94
2576,69420,73899,46560,71
2577,69540,73107,45660,120
2578,69540,71568,46140,57
2579,69540,72367,45540,35
2580,69600,72351,45600,72
2581,69600,71410,45540,20
2582,69660,76136,46260,130
2583,69660,73831,46200,19
2584,69660,73875,45660,117
2585,69660,74007,45960,100
2586,69660,71478,45540,21
2587,69720,72588,46320,40
2588,69720,73754,45600,118
2589,69720,75040,46260,47
2590,69720,72897,46320,62
2591,69780,73866,46320,52
2592,69780,76566,46380,53
2593,69840,74121,46440,86
2594,69840,75547,45600,132
2595,69840,76067,46860,131
2596,69900,76104,45720,129
2597,69900,72499,47100,43
2598,69900,73505,46200,67
2599,69960,73671,46560,64
2600,69960,72658,46560,39
2601,69960,74461,46260,99
2602,70020,73196,46320,32
2603,70020,75564,42360,6
2604,70080,72732,46080,97
2605,70140,74234,46440,33
2606,70140,75108,47280,70
2607,70140,73413,46740,63
2608,70200,72450,14400,144
2609,70200,71537,0,152
2610,70200,75744,42540,6
2611,70200,74987,47100,7
2612,70200,73310,37680,74
2613,70200,72972,46980,135
2614,70200,73756,42600,136
2615,70200,73638,46500,66
2616,70200,73834,45420,119
2617,70260,73132,46860,81
2618,70320,72512,45840,56
2619,70380,74867,46980,65
2620,70440,75240,44340,45
2621,70680,75027,46980,100
2622,70680,72708,47280,57
2623,70680,73295,47880,42
2624,70740,74006,47340,82
2625,70800,74651,47400,18
2626,70800,75015,46800,117
2627,70800,75279,47940,71
2628,70860,73521,45960,34
2629,70860,77646,47460,53
2630,70860,73908,47340,111
2631,70860,76567,46620,132
2632,70920,73131,46920,98
2633,70920,73747,46920,35
2634,70920,72738,46800,21
2635,71100,76420,47640,47
2636,71100,75381,47700,86
2637,71100,75194,47400,33
2638,71100,75601,47400,99
2639,71160,74336,47460,32
2640,71160,74337,47760,62
2641,71160,74038,46380,112
2642,71280,73472,46800,56
2643,71280,75627,47580,100
2644,71280,73879,48480,43
2645,71280,74847,47400,120
2646,71280,74914,46500,119
2647,71280,74456,47580,32
2648,71280,77756,47880,130
2649,71340,76290,47940,85
2650,71340,74212,47940,81
2651,71340,75827,47940,65
2652,71400,74098,48000,39
2653,71400,77604,47220,129
2654,71400,74040,47700,44
2655,71400,75111,48000,64
2656,71400,74216,48000,41
2657,71400,75486,47940,52
2658,71700,75551,48300,18
2659,71700,74343,48300,38
2660,71760,77304,44100,6
2661,71820,75914,48120,33
2662,71820,75425,48120,67
2663,71820,74868,48300,111
2664,71820,75854,47700,118
2665,71880,74532,47880,97
2666,71880,75436,44280,136
2667,71880,73908,48480,57
2668,71940,76111,48480,19
2669,71940,73750,47880,20
2670,72000,73319,37800,137
2671,72000,75212,34200,140
2672,72000,76968,49140,70
2673,72000,74661,47100,34
2674,72000,74475,0,55
2675,72000,73337,0,151
2676,72000,73092,34200,138
2677,72000,74250,16200,144
2678,72000,73337,1800,152
2679,72120,74947,48120,35
2680,72120,73938,48000,21
2681,72180,76527,48480,100
2682,72240,78467,49260,131
2683,72240,77947,48000,132
2684,72300,75867,48420,120
2685,72300,74915,49500,42
2686,72360,74552,47880,56
2687,72360,77634,48960,46
2688,72420,76054,47640,119
2689,72420,75686,49020,82
2690,72480,75657,49080,62
2691,72600,75873,49200,63
2692,72600,76694,48900,33
2693,72600,74811,48600,98
2694,72720,77001,49320,86
2695,72780,76814,48660,118
2696,72780,75956,49080,32
2697,72780,77730,49380,85
2698,72900,76505,49200,67
2699,72900,77115,48900,117
2700,72960,79746,49560,53
2701,72960,78280,49500,47
2702,72960,77131,49500,19
2703,72960,79436,49560,130
2704,73020,75718,49620,39
2705,73020,75619,50220,43
2706,73020,75681,48120,34
2707,73140,76008,49740,40
2708,73140,77627,49740,65
2709,73140,77619,50280,71
2710,73200,75010,49140,20
2711,73200,75843,49800,38
2712,73200,75228,49800,57
2713,73260,76698,49560,66
2714,73320,76954,48540,119
2715,73320,79547,50340,131
2716,73380,76947,49500,120
2717,73380,75198,49260,21
2718,73440,77534,49740,33
2719,73500,79044,45840,6
2720,73500,76521,45600,73
2721,73560,77411,50160,18
2722,73560,76826,50160,82
2723,73620,77331,50220,64
2724,73620,78121,49920,99
2725,73680,76857,50280,62
2726,73680,77895,49680,117
2727,73740,76392,49740,97
2728,73740,78708,50880,70
2729,73740,75932,49260,56
2730,73800,75137,3600,152
2731,73800,75137,1800,151
2732,73800,76498,50400,39
2733,73800,79074,50400,46
2734,73860,76932,50160,153
2735,73860,76732,50460,81
2736,73920,77954,49800,118
2737,73920,76535,51120,42
2738,73920,78720,47820,45
2739,74100,77373,50700,63
2740,74160,75627,74160,93
2741,74160,75867,74160,94
2742,74220,76881,49320,34
2743,74220,76030,50160,20
2744,74280,81066,50880,53
2745,74280,77107,50280,35
2746,74340,77218,49560,112
2747,74340,76158,50220,21
2748,74400,78005,50700,67
2749,74460,79410,51060,85
2750,74460,76488,51060,57
2751,74460,76671,50460,98
2752,74460,78554,50760,33
2753,74520,77163,51120,38
2754,74520,77696,50820,32
2755,74520,78735,50520,117
2756,74520,80996,51120,130
2757,74520,79840,51060,47
2758,74580,80784,50400,129
2759,74580,77452,51180,81
2760,74580,78147,50700,120
2761,74640,80867,51660,131
2762,74640,78921,51240,86
2763,74700,78138,51000,66
2764,74760,78026,51360,82
2765,74880,79381,51180,99
2766,74880,77479,52080,43
2767,74880,77752,51480,81
2768,75000,79487,51600,65
2769,75000,78711,51600,64
2770,75240,77855,52440,42
2771,75300,79151,51900,18
2772,75360,78536,51660,32
2773,75360,78176,51960,41
2774,75420,79514,51720,33
2775,75420,78247,51420,35
2776,75420,79454,51300,118
2777,75480,80754,52080,46
2778,75480,77508,52080,57
2779,75480,79959,52620,71
2780,75480,79114,50700,119
2781,75540,81767,52560,131
2782,75540,80508,52680,70
2783,75540,77350,51480,20
2784,75600,76937,3600,151
2785,75600,76937,5400,152
2786,75600,79686,52140,52
2787,75600,78648,52080,111
2788,75600,79156,48000,136
2789,75600,80920,52140,47
2790,75600,78252,51600,97
2791,75600,82386,52200,53
2792,75600,79167,51720,120
2793,75600,78261,50700,34
2794,75660,78538,50880,112
2795,75660,79098,51960,66
2796,75720,78993,52320,63
2797,75720,81427,51480,132
2798,75780,80730,52380,85
2799,75840,80341,52140,99
2800,75960,80131,52500,19
2801,76020,80301,52620,86
2802,76020,78663,52620,38
2803,76080,79791,52680,64
2804,76080,82284,51900,129
2805,76140,78332,51660,56
2806,76140,80226,52680,52
2807,76140,82616,52740,130
2808,76200,79068,52800,40
2809,76200,80547,52500,100
2810,76260,80747,52860,65
2811,76380,79078,52980,39
2812,76380,79556,52680,32
2813,76380,80595,52380,117
2814,76380,80474,52680,33
2815,76560,80194,51780,119
2816,76740,78550,52680,20
2817,76740,82967,53760,131
2818,76800,79275,4800,55
2819,76800,79399,54000,43
2820,76800,78618,52680,21
2821,76860,81361,53160,99
2822,76860,79732,53460,81
2823,77040,79683,53640,38
2824,77220,81435,53220,117
2825,77220,80658,53520,66
2826,77220,79248,53820,57
2827,77220,81254,53100,118
2828,77280,82554,53880,46
2829,77280,80328,53760,111
2830,77280,79472,52800,56
2831,77280,80457,53880,62
2832,77280,79932,53280,97
2833,77280,82987,53040,132
2834,77340,80516,53640,32
2835,77340,80606,53940,82
2836,77400,81251,54000,18
2837,77400,82720,53940,47
2838,77400,80682,34080,139
2839,77400,81111,54000,64
2840,77400,78737,5400,151
2841,77400,81005,53700,67
2842,77460,80158,54060,39
2843,77520,82007,54120,65
2844,77520,80793,54120,63
2845,77520,83724,53340,129
2846,77580,81751,54120,19
2847,77580,84056,54180,130
2848,77580,82530,54180,85
2849,77580,83807,54600,131
2850,77640,81734,53940,33
2851,77640,81274,52860,119
2852,77700,80516,54300,41
2853,77760,82041,54360,86
2854,77760,81327,53880,120
2855,77820,80435,55020,42
2856,77940,82026,54480,52
2857,77940,80812,54540,81
2858,77940,79758,53820,21
2859,78000,82968,55140,70
2860,78000,82479,55140,71
2861,78180,82214,54060,118
2862,78240,82455,54240,117
2863,78300,80998,54900,39
2864,78360,81536,54660,32
2865,78420,80612,53940,56
2866,78480,84707,55500,131
2867,78600,81648,55080,111
2868,78600,80995,0,54
2869,78660,81732,54960,153
2870,78720,83067,55020,100
2871,78840,82474,54060,119
2872,78900,82166,55500,82
2873,78960,80427,78960,93
2874,78960,80667,78960,94
2875,79080,82353,55680,63
2876,79080,82257,55680,62
2877,79140,85344,54960,129
2878,79140,81351,55140,98
2879,79140,83627,55740,65
2880,79200,81010,55140,20
2881,79200,81018,55080,21
2882,79200,84474,55800,46
2883,79200,82068,55800,40
2884,79200,84520,55740,47
2885,79200,82805,55500,67
2886,79200,82911,55800,64
2887,79200,82638,55500,66
2888,79260,83294,55140,118
2889,79260,82436,55560,32
2890,79380,83474,55680,33
2891,79500,84450,56100,85
2892,79500,83781,56100,86
2893,79500,82372,56100,81
2894,79560,83731,56100,19
2895,79620,82263,56220,38
2896,79740,83826,56280,52
2897,79800,86586,56400,53
2898,79920,82618,56520,39
2899,79980,83547,56100,120
2900,79980,82008,56580,57
2901,79980,82172,55500,56
2902,80100,83734,55320,119
2903,80100,84447,56400,100
2904,80220,85927,55980,132
2905,80280,84495,56280,117
2906,80760,84327,56880,120
2907,80880,83578,57480,39
2908,80940,83583,57540,38
2909,81000,85171,57540,19
2910,81000,84851,57600,18
2911,81600,87307,57360,132
2912,81900,85467,58020,120
2913,82080,84723,58680,38
2914,83100,88807,58860,132
2915,83760,85467,83760,94
2916,83760,85227,83760,93
